{
  "GOLD": 1757071171.6480694,
  "TSLA": 1757071210.2023573,
  "NVIDIA": 1757071238.7623584
}